time,V,alpha,theta,dele
0.05,0.9497042293121123,0.2614805819809795,0.28936696544798907,0.41004211483782205
0.0512178619756427,0.949323311786333,0.2658847991813639,0.290769746129197,0.40999184869792327
0.0524357239512855,0.9489305040413695,0.27049349330702405,0.29236084054578626,0.4099417853858151
0.0536535859269282,0.9485254392796907,0.2752987162507931,0.29412743628714505,0.4098919737257441
0.054871447902571,0.948107744102131,0.28028903877528494,0.29605725521577586,0.4098424629568561
0.0560893098782138,0.9476770389151845,0.28544940401092095,0.298138480869378,0.4097933022470073
0.0573071718538565,0.9472329383954411,0.29076111887946343,0.3003596766466364,0.4097445401112819
0.0585250338294993,0.9467750520135755,0.2962020108656538,0.30270970636694305,0.40969622372370706
0.059742895805142,0.9463029846199894,0.30174676827170716,0.3051776668590487,0.40964839811023124
0.0609607577807848,0.9458163370938197,0.3073674682348866,0.3077528400114852,0.4096011052109067
0.0621786197564276,0.9453147070565605,0.31303427932451555,0.31042466926737056,0.40955438279951895
0.0633964817320703,0.9447976896509959,0.3187163063993473,0.3131827629508023,0.40950826324981443
0.0646143437077131,0.9442648783855034,0.32438252734549144,0.31601692418959915,0.40946277213924986
0.0658322056833558,0.9437158660430623,0.3300027574335999,0.31891720470339174,0.40941792668406535
0.0670500676589986,0.9431502456534737,0.3355485701295584,0.32187397753486674,0.40937373400388505
0.0682679296346414,0.9425676115264043,0.3409941050434931,0.32487802209547056,0.4093301892203962
0.0694857916102841,0.9419675603418591,0.3463167045255157,0.3279206138297267,0.40928727340353854
0.0707036535859269,0.9413496922936216,0.35149733870259714,0.3309936104752808,0.40924495139077705
0.0719215155615696,0.9407136122800587,0.35652080154928945,0.33408952733365466,0.4092031695212455
0.0731393775372124,0.9400589311354796,0.36137568418274646,0.3372015951081967,0.40916185334788135
0.0743572395128552,0.9393852668940074,0.36605415234864475,0.34032379556823084,0.409120905418398
0.0755751014884979,0.9386922460766546,0.3705515702610829,0.34345087235727334,0.40908020325136574
0.0767929634641407,0.9379795049910402,0.3748660211521535,0.34657831644182996,0.4090395976785802
0.0780108254397835,0.9372466910319615,0.37899777606638413,0.3497023277614821,0.408998911780944
0.0792286874154262,0.9364934639698699,0.3829487577433725,0.3528197563908496,0.40895794071439856
0.080446549391069,0.9357194972132388,0.38672203769551083,0.35592802781720423,0.4089164528068723
0.0816644113667117,0.9349244790298806,0.3903213938182295,0.35902505770103343,0.40887419240883294
0.0828822733423545,0.9341081137115138,0.39375094486239226,0.36210916171639285,0.4088308851003152
0.0841001353179972,0.9332701226653403,0.3970148681926867,0.3651789658170961,0.40878624599725094
0.08531799729364,0.9324102454161016,0.4001171992660315,0.3682333216385435,0.40873999205915135
0.0865358592692828,0.931528240502089,0.4030617055278212,0.37127123083998864,0.4086918594766365
0.0877537212449255,0.9306238862488999,0.4058518239191665,0.3742917811391413,0.408641627405745
0.0889715832205683,0.9296969814054252,0.40849064966454113,0.37729409570099637,0.4085891495072653
0.0901894451962111,0.9287473456276089,0.41098096410175583,0.38027729650727893,0.4085343949284712
0.0914073071718538,0.9277748197969748,0.41332529062832796,0.38324048141952216,0.40847750050881393
0.0926251691474966,0.926779266162781,0.41552596999184416,0.3861827139007495,0.40841883606746554
0.0938430311231393,0.9257605682989084,0.41758524881133735,0.3891030237988494,0.4083590845934266
0.0950608930987821,0.9247186308692343,0.4195053780969754,0.39200041722125817,0.4082993389472774
0.0962787550744249,0.9236533791982235,0.4212887213987965,0.3948738933335948,0.40824121621903553
0.0974966170500676,0.9225647586467762,0.4229378748620206,0.39772246587292015,0.4081869900718666
0.0987144790257104,0.9214527337969229,0.4244558037193391,0.40054518725183663,0.4081397401220207
0.0999323410013531,0.9203172874527148,0.42584600143349427,0.4033411733130271,0.40810351553436347
0.1011502029769959,0.9191584194685142,0.42711267861392643,0.40610962704527964,0.4080835074217175
0.1023680649526387,0.9179761454197968,0.428260988706695,0.40884985986396183,0.40808622121442173
0.1035859269282814,0.916770495135404,0.4292972959386916,0.4115613093669406,0.4081196358527892
0.1048037889039242,0.9155415111138714,0.4302294875996472,0.4142435527809102,0.4081933314827269
0.1060216508795669,0.9142892468498814,0.4310673268440934,0.41689631559714363,0.40831856149304535
0.1072395128552097,0.9130137650999717,0.43182283305935426,0.4195194751485684,0.40850823864342994
0.1084573748308525,0.9117151361192724,0.4325106637521862,0.4221130590944646,0.4087767994324511
0.1096752368064952,0.9103934359031769,0.433148454392721,0.42467723895160986,0.4091399068769068
0.110893098782138,0.9090487444693822,0.4337570509650122,0.42721231894082007,0.40961395108657894
0.1121109607577807,0.9076811442166477,0.43436054575257993,0.42971872050767107,0.4102153114002861
0.1133288227334235,0.9062907183968213,0.434986004076808,0.4321969629295273,0.4109593556331961
0.1145466847090663,0.9048775497362038,0.4356627554458989,0.4346476404428858,0.41185917332833905
0.115764546684709,0.9034417192411136,0.43642112759056195,0.4370713963211839,0.412924072340285
0.1169824086603518,0.9019833052206152,0.4372905394709776,0.43946889430952085,0.4141579117688415
0.1182002706359945,0.900502382556804,0.43829695192635226,0.4418407877850319,0.41555739715557927
0.1194181326116373,0.8989990222498386,0.439459806959967,0.44418768696546174,0.417110520985056
0.1206359945872801,0.8974732912611562,0.44078875681629776,0.44651012443875143,0.41879538478067424
0.1218538565629228,0.8959252526740397,0.4422806559507813,0.4488085192377476,0.42057967784888034
0.1230717185385656,0.8943549661860414,0.4439174032229529,0.4510831396403272,0.4224211007149592
0.1242895805142083,0.8927624889427649,0.44566521088797795,0.45333406483979394,0.42426899937183193
0.1255074424898511,0.891147876717274,0.4474756968998979,0.4555611456063737,0.42606741582846386
0.1267253044654939,0.8895111854340287,0.449288859943581,0.4577639640505677,0.4277596648767619
0.1279431664411366,0.8878524730308204,0.45103758566075763,0.4599417926055222,0.4292944276528433
0.1291610284167794,0.8861718016468066,0.4526529787872335,0.46209355237038074,0.43063322430978335
0.1303788903924222,0.8844692401194979,0.45406964215784684,0.46421777100173706,0.43175900263017025
0.1315967523680649,0.8827448667685012,0.45523008531390036,0.46631254040728576,0.43268545713353945
0.1328146143437077,0.8809987724390826,0.4560877061625555,0.4683754745856908,0.43346655759820457
0.1340324763193504,0.8792310637741996,0.4566081439149262,0.4704036680700708,0.43420558384592434
0.1352503382949932,0.8774418666796528,0.4567691315757119,0.472393655569021,0.43506269590042806
0.1364682002706359,0.8756313299434897,0.4565591988093195,0.4743413735572611,0.43625969210526444
0.1376860622462787,0.8737996289677367,0.4559756652486552,0.4762421247448505,0.4380801494081642
0.1389039242219215,0.8719469695680773,0.45502234194738916,0.4780905465445143,0.4408627174744312
0.1401217861975642,0.8700735917951505,0.4537072693249539,0.47988058485386653,0.44498519304731954
0.141339648173207,0.8681797737298405,0.4520407080554737,0.48160547466343157,0.45083749396072764
0.1425575101488498,0.8662658352042154,0.45003349623955435,0.4832577291800568,0.4587831773414095
0.1437753721244925,0.8643321413996836,0.4476958074360737,0.48482913930366967,0.46911192152869174
0.1449932341001353,0.8623791062744847,0.445036292953907,0.4863107853966081,0.4819891407088744
0.146211096075778,0.860407195773802,0.442061564334231,0.4876930633211508,0.4974125741594641
0.1474289580514208,0.8584169307775701,0.43877596161755783,0.4889657266751106,0.5151875062982647
0.1486468200270636,0.8564088897434418,0.43518155326415814,0.49011794701246736,0.5349303873917998
0.1498646820027063,0.8543837110053532,0.4312783192750016,0.49113839358542827,0.556104376480979
0.1510825439783491,0.8523420946916429,0.4270644765415352,0.4920153337816534,0.5780813165568227
0.1523004059539918,0.8502848042307158,0.4225369125485288,0.4927367549587027,0.6002165347001152
0.1535182679296346,0.8482126674167314,0.4176916991403949,0.4932905078073998,0.6219194462597922
0.1547361299052774,0.8461265770127058,0.41252466173987523,0.49366447072239916,0.6427057415631454
0.1559539918809201,0.8440274908736581,0.4070319812468315,0.4938467339388309,0.6622241728612347
0.1571718538565629,0.8419164315779575,0.4012108061998941,0.4938258014213527,0.6802589289577372
0.1583897158322056,0.8397944855607405,0.39505985218334044,0.4935908076689367,0.6967140753059121
0.1596075778078484,0.8376628017491068,0.38857996452974236,0.493131745713799,0.7115883829562794
0.1608254397834912,0.835522589704651,0.3817746197634379,0.49243970162102835,0.7249478132295111
0.1620433017591339,0.8333751172846925,0.37465034158046767,0.4915070897066848,0.73690050228354
0.1632611637347767,0.8312217078391981,0.36721700899974785,0.4903278814693069,0.747576616142526
0.1644790257104194,0.8290637369658049,0.35948803800734963,0.4888978198950105,0.7571136080415346
0.1656968876860622,0.8269026288504131,0.35148042366517346,0.48721460944065864,0.7656463440114526
0.1669147496617049,0.8247398522254938,0.34321463708328626,0.48527807080639407,0.7733011154595295
0.1681326116373477,0.8225769159824452,0.3347143803629004,0.4830902488589234,0.7801924983052018
0.1693504736129905,0.8204153644779724,0.3260062118259021,0.48065546211313326,0.7864221517393633
0.1705683355886332,0.8182567725775238,0.31711906258894884,0.47798028338492304,0.7920788480734271
0.171786197564276,0.8161027404812327,0.308083672798912,0.4750734438729084,0.7972392199566256
0.1730040595399188,0.8139548883795642,0.298931980722164,0.47194565710315617,0.8019688737539924
0.1742219215155615,0.8118148509869518,0.28969649975165496,0.4686093646962867,0.8063236415351084
0.1754397834912043,0.8096842720020987,0.2804097170390795,0.4650784122957439,0.8103508325944545
0.176657645466847,0.807564798543362,0.27110354309753754,0.4613676704645204,0.8140904058245098
0.1778755074424898,0.8054580756067231,0.26180883498802276,0.4574926209987851,0.8175760238612697
0.1790933694181326,0.8033657405923361,0.25255500753615345,0.45346893303045693,0.8208359748472187
0.1803112313937753,0.8012894179435854,0.24336973849402607,0.4493120548219371,0.8238939626059164
0.1815290933694181,0.7992307139399893,0.23427876569062214,0.44503684598499677,0.8267697743933082
0.1827469553450608,0.7971912116822983,0.22530576782298006,0.44065727110433645,0.8294798395484304
0.1839648173207036,0.7951724663047248,0.2164723161398622,0.43618616993780296,0.8320376939086047
0.1851826792963464,0.7931760004455739,0.20779788202374877,0.43163511230725804,0.8344543648359665
0.1864005412719891,0.7912033000036119,0.19929988523160738,0.4270143384135158,0.8367386908029838
0.1876184032476319,0.7892558102034465,0.19099376891785072,0.4223327784834324,0.8388975881320835
0.1888362652232746,0.7873349319890356,0.18289309000811088,0.41759814008317364,0.8409362759397284
0.1900541271989174,0.7854420187602644,0.17500961646583693,0.4128170475480886,0.8428584687520826
0.1912719891745601,0.7835783734634173,0.16735342600009961,0.40799521595385885,0.8446665447239963
0.1924898511502029,0.7817452460423429,0.15993300342269112,0.40313764181380046,0.8463616959509629
0.1937077131258457,0.7799438312532665,0.15275533593696083,0.3982487939830847,0.8479440660371279
0.1949255751014884,0.7781752668425442,0.14582600702835313,0.3933327907225662,0.849412878881429
0.1961434370771312,0.7764406320832463,0.13914929034117113,0.38839355211786714,0.8507665615730786
0.197361299052774,0.7747409466633317,0.13272824506344236,0.38343492066328483,0.8520028633496192
0.1985791610284167,0.7730771699153292,0.12656481404472097,0.37846074644559546,0.8531189717679225
0.1997970230040595,0.7714502003749314,0.12065992529884163,0.373474936703291,0.8541116265726338
0.2010148849797022,0.7698608756537086,0.115013596844994,0.36848147236991663,0.8549772312182758
0.202232746955345,0.7683099726092822,0.1096250441416679,0.36348439639177554,0.8557119616086954
0.2034506089309878,0.7667982077947596,0.10449278876230618,0.35848778007226595,0.8563118713553797
0.2046684709066305,0.7653262381680097,0.09961476650795109,0.35349567443817537,0.8567729927147316
0.2058863328822733,0.7638946620404453,0.09498843287888772,0.3485120537062466,0.857091432329379
0.2071041948579161,0.7625040202443514,0.09061086373673202,0.3435407574538017,0.857263460951761
0.2083220568335588,0.7611547974974513,0.0864788490643168,0.33858543719566064,0.857285596448058
0.2095399188092016,0.7598474239432997,0.08258897794488253,0.33364951188317654,0.8571546795439919
0.2107577807848443,0.7585822768462254,0.07893771320008332,0.3287361355088271,0.8568679419581653
0.2119756427604871,0.7573596824198728,0.07552145451247817,0.323848178645133,0.8564230667523273
0.2131935047361298,0.7561799177689159,0.07233658927886905,0.31898822447001113,0.8558182408935235
0.2144113667117726,0.7550432129241739,0.069379530866632,0.314158578704713,0.8550522001573208
0.2156292286874154,0.7539497529521743,0.06664674435218122,0.3093612919603949,0.8541242665961023
0.2168470906630581,0.7528996801211065,0.06413476019071047,0.30459819227534446,0.853034378848954
0.2180649526387009,0.7518930961061077,0.061840176587000716,0.29987092512755986,0.8517831155818113
0.2192828146143436,0.750930064217888,0.05975965160111399,0.2951809979134648,0.8503717123242214
0.2205006765899864,0.7500106116397941,0.0578898862275393,0.29052982577198305,0.8488020719210654
0.2217185385656292,0.749134731659557,0.056227599832960655,0.2859187756804955,0.8470767687543629
0.2229364005412719,0.7483023858831005,0.05476949943035709,0.2813492059331119,0.8451990468228006
0.2241542625169147,0.7475135064189357,0.05351224431195369,0.2768224984141507,0.8431728117053543
0.2253721244925574,0.7467679980227845,0.05245240756829929,0.2723400814873984,0.8410026163892657
0.2265899864682002,0.7460657401931758,0.051586435993683455,0.2679034418258327,0.8386936409186374
0.227807848443843,0.7454065892098195,0.05091060982737185,0.2635141241008779,0.8362516658226005
0.2290257104194857,0.7447903801075746,0.05042100371288329,0.2591737181285518,0.8336830393132102
0.2302435723951285,0.7442169285798055,0.050113450179594565,0.2548838338219736,0.8309946383024853
0.2314614343707713,0.7436860328058296,0.0499835068662586,0.250646065107688,0.8281938233723768
0.232679296346414,0.7431974751980073,0.05002642861653531,0.24646194479727535,0.8252883879361965
0.2338971583220568,0.7427510240648377,0.05023714548235766,0.2423328932205272,0.8222865019490001
0.2351150202976995,0.7423464351871438,0.0506102475702554,0.23826016415930287,0.8191966506503336
0.2363328822733423,0.7419834533051113,0.05113997755585916,0.23424479219191122,0.8160275689481731
0.2375507442489851,0.7416618135145567,0.051820231569438435,0.23028754587327924,0.8127881721702624
0.2387686062246278,0.7413812425713542,0.052644569017343795,0.22638889113860505,0.8094874840114781
0.2399864682002706,0.7411414601034452,0.05360623174840974,0.22254896884126257,0.8061345625873924
0.2412043301759133,0.7409421797302934,0.05469817279966905,0.21876758936530066,0.8027384255600883
0.2424221921515561,0.7407831100900415,0.0559130947628346,0.2150442457932558,0.7993079753293086
0.2436400541271988,0.7406639557749541,0.057243497604070805,0.21137814524971096,0.7958519252784809
0.2448579161028417,0.7405844181760332,0.05868173554821124,0.2077682559707799,0.7923787280309635
0.2460757780784844,0.7405441962379294,0.06022008240915692,0.2042133656624233,0.7888965066083821
0.2472936400541272,0.7405429871254937,0.061850804515355635,0.20071214517245828,0.7854129892928386
0.2485115020297699,0.74058048680347,0.06356624014701269,0.19726321078866937,0.7819354488819166
0.2497293640054126,0.7406563905309872,0.06535888417291572,0.19386517888049346,0.7784706468942477
0.2509472259810554,0.740770393272606,0.06722147635051479,0.19051670822563624,0.7750247831391393
0.2521650879566982,0.7409221900277653,0.06914709153244285,0.18721652802980582,0.7716034509115752
0.253382949932341,0.7411114760805376,0.07112922980339337,0.18396345287863425,0.7682115979190416
0.2546008119079837,0.7413379471716448,0.07316190434967569,0.18075638893844537,0.7648534928939591
0.2558186738836265,0.7416012995947121,0.07523972463654661,0.17759433785145973,0.7615326976993229
0.2570365358592692,0.7419012302187578,0.0773579722343104,0.17447640530073655,0.758252044599128
0.258254397834912,0.7422374364389125,0.07951266639651831,0.17140181986187236,0.7550136182421113
0.2594722598105548,0.7426096160573722,0.08170061626310662,0.1683699647172871,0.751818741799283
0.2606901217861975,0.7430174670965682,0.08391945635941529,0.16538042077024087,0.7486679666038275
0.2619079837618402,0.7434606875465416,0.08616766192411739,0.16243301565698537,0.7455610645665852
0.2631258457374831,0.7439389750484878,0.08844454057719614,0.15952787015088485,0.7424970225811846
0.2643437077131258,0.7444520265164449,0.09075019700327311,0.15666543226103907,0.7394740380890513
0.2655615696887686,0.7449995376990799,0.09308546776280317,0.15384649026199082,0.7364895149445775
0.2667794316644113,0.745581202683549,0.09545182415250439,0.15107215872896693,0.7335400587030494
0.2679972936400541,0.7461967133434033,0.09785124231677976,0.14834383572987822,0.7306214704465422
0.2692151556156968,0.7468457587325478,0.100286041646718,0.14566313373856477,0.7277287382640948
0.2704330175913396,0.7475280244272802,0.10275869493345773,0.1430317906901168,0.7248560255102783
0.2716508795669823,0.7482431918184923,0.1052716167343533,0.14045157022530672,0.7219966549793372
0.2728687415426252,0.7489909373561684,0.10782693981957547,0.13792416123579485,0.7191430881494435
0.2740866035182679,0.7497709317483924,0.11042629310783174,0.13545108635089093,0.716286898673004
0.2753044654939107,0.7505828391171613,0.11307059772972802,0.13303362731047513,0.713418739314945
0.2765223274695534,0.7514263161134094,0.11575990018889916,0.13067277271850072,0.7105283015733213
0.2777401894451962,0.7523010109937719,0.11849326235124173,0.12836919096922592,0.7076042672587028
0.2789580514208389,0.7532065626617512,0.12126872653115953,0.12612322861280914,0.7046342513658328
0.2801759133964817,0.7541425996761122,0.12408336978986341,0.1239349323732181,0.7016047356508187
0.2813937753721244,0.755108739229501,0.12693345460204625,0.12180409159476273,0.6985009924405523
0.2826116373477672,0.756104586100485,0.12981467368621818,0.11973029708685462,0.6953069983633108
0.28382949932341,0.7571297315824053,0.13272247602300677,0.11771301207749833,0.6920053379210328
0.2850473612990527,0.7581837523926761,0.13565245042456603,0.11575165113902826,0.6885770971517883
0.2862652232746955,0.7592662095663912,0.13860073428704597,0.11384566336379637,0.6850017480911739
0.2874830852503383,0.7603766473383654,0.141564410109208,0.11199461660422627,0.6812570253801092
0.288700947225981,0.761514592017997,0.14454185225086405,0.11019828014132187,0.6773187972427884
0.2899188092016238,0.762679550861621,0.14753299163315847,0.10845670363509166,0.673160934246691
0.2911366711772665,0.7638710109473121,0.15053947601252612,0.10677029060254788,0.6687551808478897
0.2923545331529093,0.7650884380573792,0.15356471650785777,0.10513986495893694,0.6640710368288495
0.2935723951285521,0.7663312755741023,0.15661382503537435,0.1035667293654482,0.6590756584788365
0.2947902571041948,0.7675989433945472,0.15969345990765024,0.1020527142880559,0.6537337928868352
0.2960081190798376,0.7688908368705886,0.1628116061771862,0.10060021683136557,0.6480077631511337
0.2972259810554803,0.7702063257805559,0.1659773222106408,0.0992122286109949,0.6418575277725431
0.2984438430311231,0.7715447533391824,0.16920048423583295,0.09789235220097746,0.6352408440408381
0.2996617050067658,0.77290543525279,0.172491556799556,0.09664480605406513,0.628113572771955
0.3008795669824086,0.7742876588268768,0.17586141036242012,0.0954744182340008,0.6204301700119194
0.3020974289580514,0.7756906821334618,0.17932119902311408,0.09438660978447093,0.6121444196460721
0.3033152909336942,0.7771137332457196,0.18288230292296553,0.09338736902846449,0.6032104680697048
0.3045331529093369,0.7785560095475541,0.18655633225948048,0.09248321846392385,0.5935842263003455
0.3057510148849797,0.780016677125838,0.19035518367098794,0.09168117610938908,0.5832252033476613
0.3069688768606224,0.7814948702530745,0.19429113528725467,0.09098871307819975,0.5720988235029036
0.3081867388362652,0.7829896909681964,0.19837696389245474,0.09041370877068983,0.5601792547767473
0.3094046008119079,0.7845002087631197,0.20262606611634731,0.08996440436404599,0.5474527309537958
0.3106224627875507,0.7860254603824989,0.20705256494550567,0.08964935429863892,0.5339212813993081
0.3118403247631935,0.7875644497438752,0.21167138270455346,0.08947737431635477,0.5196066893837588
0.3130581867388363,0.7891161479850851,0.21649826163856623,0.08945748346048775,0.5045543853487342
0.314276048714479,0.790679493645372,0.2215497130995256,0.08959883649021917,0.48883685886352923
0.3154939106901218,0.7922533929861421,0.22684287604675063,0.08991064259284495,0.4725560654142714
0.3167117726657645,0.7938367204566958,0.2323952652857149,0.09040206626465404,0.455844245273993
0.3179296346414073,0.7954283193095835,0.23822439004795262,0.09108210689080572,0.43886260018743456
0.31914749661705,0.7970270023694311,0.24434722496279176,0.09195945491851877,0.4217974221300896
0.3203653585926928,0.7986315529582139,0.25077951940944965,0.09304232452362395,0.4048535482956379
0.3215832205683355,0.8002407259789646,0.2575349393315489,0.09433826515842787,0.3882454031868394
0.3228010825439784,0.8018532491588671,0.2646240498933603,0.0958539570947669,0.3721863159549554
0.3240189445196211,0.8034678244515249,0.2720531700161808,0.0975949987368223,0.3568771708827982
0.3252368064952638,0.8050831295969971,0.279823162482112,0.09956569574714375,0.3424956582481968
0.3264546684709066,0.8066978198369181,0.2879282658325172,0.1017688635983337,0.3291873700004133
0.3276725304465493,0.8083105297806903,0.2963551230300115,0.10420565578565458,0.31705971879790484
0.3288903924221921,0.8099198754173831,0.30508220715843,0.10687542946502412,0.3061792083059186
0.3301082543978348,0.8115244562665815,0.31407986870288157,0.10977565869410698,0.29657205655305263
0.3313261163734776,0.813122857660045,0.32331120682305664,0.11290190286309561,0.2882276957768979
0.3325439783491204,0.8147136531446504,0.3327338707881712,0.11624783454169384,0.2811043392692312
0.3337618403247632,0.8162954069957535,0.34230271076231344,0.1198053271697795,0.2751356651202419
0.3349797023004059,0.8178666768287987,0.3519729349907367,0.12356459916223464,0.270237710440488
0.3361975642760487,0.8194260162957767,0.361703161130296,0.12751440746439516,0.26631524897187187
0.3374154262516914,0.8209719778519967,0.37145759385750465,0.13164228071462988,0.2632671736169434
0.3386332882273342,0.8225031155775989,0.38120665213321187,0.13593478018594582,0.26099066060539833
0.3398511502029769,0.8240179880373362,0.3909257701198471,0.14037777571634452,0.25938410832216136
0.3410690121786197,0.8255151611613858,0.4005927144994719,0.14495672390538447,0.25834899749948176
0.3422868741542625,0.826993211129361,0.41018434569094947,0.14965693685153686,0.25779090594725507
0.3435047361299053,0.8284507272392535,0.4196740042103952,0.15446383144879358,0.25761993876259076
0.344722598105548,0.8298863147428063,0.4290304704749921,0.15936315151922884,0.257750819032096
0.3459404600811908,0.8312985976287576,0.43821882898097575,0.16434115758283774,0.2581028407302784
0.3471583220568335,0.8326862213355478,0.44720286870717824,0.16938478162280216,0.258599829224593
0.3483761840324763,0.8340478553754289,0.4559481830979522,0.1744817465942822,0.2591701965998144
0.349594046008119,0.8353821958524557,0.4644250436895092,0.17962065249620407,0.2597471264909913
0.3508119079837618,0.8366879678575802,0.47261035707591853,0.18479103247698753,0.26026888080814026
0.3520297699594046,0.8379639277249881,0.4804884037100171,0.18998338362213196,0.2606791908031902
0.3532476319350474,0.8392088651349066,0.4880504271050802,0.19518917775786104,0.26092767773557024
0.3544654939106901,0.8404216050493665,0.4952933917834001,0.2004008578130678,0.26097024297618426
0.3556833558863328,0.8416010094687831,0.5022183337742536,0.20561182504349404,0.2607693718272547
0.3569012178619756,0.842745978998729,0.5088287134272784,0.21081642178181173,0.2602943070658199
0.3581190798376183,0.8438554542178683,0.5151290884407717,0.21600991338877273,0.2595210643689928
0.3593369418132611,0.8449284168396982,0.5211242947143938,0.22118847180690326,0.25843227950279235
0.3605548037889038,0.8459638906624576,0.5268191852543463,0.22634916163584293,0.2570168939487957
0.3617726657645467,0.8469609423033045,0.5322188568695947,0.23148992805344773,0.2552696995888636
0.3629905277401894,0.847918681714597,0.5373292085257857,0.23660958432266813,0.2531907729824413
0.3642083897158322,0.8488362624818224,0.5421576344787815,0.24170779520872335,0.250784835214358
0.3654262516914749,0.8497128819043744,0.5467136610080567,0.24678505157940217,0.2480605744760499
0.3666441136671177,0.8505477808619619,0.551009379234286,0.25184263100227083,0.24502996616149247
0.3678619756427604,0.851340243470927,0.5550595921900411,0.25688253953191903,0.24170762027790346
0.3690798376184032,0.8520895965361368,0.5588816634509507,0.26190743132655,0.23811017943690235
0.3702976995940459,0.852795208805382,0.5624951114339617,0.2669205053986412,0.23425578357429744
0.3715155615696888,0.8534564900343468,0.5659210286677638,0.2719253826801147,0.2301636106366844
0.3727334235453315,0.8540728898712258,0.56918141716595,0.27692597139037867,0.22585349633432472
0.3739512855209743,0.854643896570916,0.5722985236351795,0.2819263337777414,0.22134563102652965
0.375169147496617,0.8551690355494428,0.5752942388299466,0.28693057155104884,0.21666032801186552
0.3763870094722598,0.8556478677898625,0.5781896013672209,0.2919427492024914,0.21181785492003055
0.3776048714479025,0.8560799881113474,0.581004423548087,0.2969668722290763,0.20683831842035397
0.3788227334235453,0.8564650233134987,0.5837570386467688,0.30200692957591607,0.20174159189068588
0.380040595399188,0.8568026302081637,0.58646415697099,0.3070669960806845,0.19654727582679615
0.3812584573748309,0.8570924935511772,0.5891408114583772,0.3121513728006688,0.1912746814191707
0.3824763193504736,0.8573343238865025,0.591800371495098,0.3172647247701427,0.18594282870733125
0.3836941813261164,0.8575278553152551,0.5944546046110526,0.32241216302856307,0.1805704518979862
0.3849120433017591,0.8576728432020357,0.5971137684203444,0.32759921737898995,0.17517600569197297
0.3861299052774019,0.8577690618309395,0.5997867186257742,0.33283166293299565,0.16977766772565742
0.3873477672530446,0.8578163020235208,0.6024810224072278,0.3381151966839772,0.16439333344082968
0.3885656292286873,0.8578143687309214,0.6052030696676287,0.34345500300549514,0.15904060081889557
0.3897834912043301,0.8577630786123245,0.6079581772332361,0.3488552864459873,0.15373674343127006
0.3910013531799729,0.8576622576118857,0.6107506831568709,0.3543188727471533,0.1484986711594253
0.3922192151556157,0.8575117385463339,0.6135840297953781,0.3598469757573637,0.14334287872257562
0.3934370771312584,0.8573113587155411,0.616460835407956,0.36543919893770527,0.13828538281990962
0.3946549391069012,0.8570609575485378,0.6193829547428714,0.37109379413745874,0.13334164925047592
0.3958728010825439,0.8567603742976997,0.6223515295347269,0.37680814959696657,0.12852651182108726
0.3970906630581867,0.8564094457941674,0.6253670300984447,0.3825794337056876,0.12385408519453052
0.3983085250338294,0.8560080042779714,0.628429289339847,0.3884052857245944,0.11933767407089976
0.3995263870094722,0.8555558753168184,0.6315375305518438,0.3942844215424982,0.11498968123793027
0.4007442489851149,0.8550528758280507,0.6346903903624103,0.4002170161741464,0.11082151707641266
0.4019621109607578,0.854498812218892,0.6378859381678228,0.40620474510660526,0.10684351306964385
0.4031799729364005,0.8538934786607434,0.6411216933356683,0.4122504250165356,0.10306484174826676
0.4043978349120433,0.8532366555139419,0.6443946414043502,0.41835729238101926,0.09949344531182178
0.405615696887686,0.8525281079200551,0.6477012504418581,0.4245280764210264,0.09613597491579266
0.4068335588633288,0.8517675845793772,0.651037488656085,0.4307641177584485,0.09299774230875595
0.4080514208389715,0.8509548167318277,0.6543988442693602,0.4370648051664043,0.090082685160792
0.4092692828146143,0.8500895173598495,0.6577803485775212,0.44342752007905356,0.0873933470544247
0.410487144790257,0.8491713806321332,0.6611766030047753,0.44984811003631653,0.08493087272637716
0.4117050067658999,0.8482000816070006,0.6645818108361834,0.45632172510017105,0.08269501876541487
0.4129228687415426,0.847175276213997,0.667989814157179,0.46284372956177877,0.0806841796009374
0.4141407307171854,0.8460966015316055,0.6713941363529107,0.4694103978449722,0.07889542827005677
0.4153585926928281,0.8449636763779499,0.6747880303200644,0.4760192102101926,0.0773245711376024
0.4165764546684709,0.8437761022298073,0.6781645323230793,0.4826687211514056,0.07596621547170386
0.4177943166441136,0.8425334644831463,0.6815165211904762,0.48935810958809617,0.07481384855357875
0.4190121786197563,0.8412353340656736,0.6848367823028823,0.4960865893984699,0.07385992682777283
0.4202300405953991,0.8398812694084243,0.6881180755817147,0.5028528557795224,0.07309597348039114
0.4214479025710419,0.8384708187792389,0.6913532064574194,0.5096546908728925,0.07251268276783678
0.4226657645466847,0.8370035229759594,0.6945350985905486,0.5164887833655464,0.07210002940543049
0.4238836265223274,0.8354789183713311,0.6976568669497243,0.5233507566147185,0.07184738136081245
0.4251014884979702,0.8338965402949023,0.7007118897286742,0.5302353606108474,0.07174361447651167
0.4263193504736129,0.8322559267297001,0.7036938775192139,0.5371367660625203,0.07177722746415904
0.4275372124492557,0.8305566222931682,0.7065969381546401,0.5440488990907271,0.07193645596311636
0.4287550744248984,0.8287981824629063,0.7094156357014542,0.5509657656185573,0.07220938453237893
0.4299729364005412,0.8269801779982621,0.7121450422057083,0.5578817294955402,0.07258405563969303
0.431190798376184,0.8251021994990575,0.7147807809885796,0.5647917234925012,0.07304857491941841
0.4324086603518268,0.8231638620328685,0.717319060525359,0.5716913851804443,0.0735912121845558
0.4336265223274695,0.8211648097527277,0.7197566982209533,0.5785771194220848,0.07420049789283208
0.4348443843031123,0.8191047204182058,0.7220911336990257,0.5854460957208323,0.07486531497664867
0.436062246278755,0.816983309725027,0.7243204315355598,0.5922961924310444,0.07557498614776675
0.4372801082543978,0.8148003353421621,0.7264432736752854,0.5991259014571648,0.07631935697583803
0.4384979702300405,0.8125556005512553,0.7284589420564129,0.6059342071802684,0.07708887521245575
0.4397158322056833,0.8102489573817773,0.7303672922228716,0.6127204524806152,0.07787466698657314
0.4409336941813261,0.80788030913703,0.732168718913777,0.6194842032820362,0.07866861063107126
0.4421515561569689,0.8054496122114615,0.7338641147804924,0.6262251213132471,0.079463409012132
0.4433694181326116,0.8029568771091189,0.7354548234891164,0.63294285294149,0.08025266132159109
0.4445872801082544,0.8004021685867092,0.7369425885205229,0.639636940082961,0.08103093535604328
0.4458051420838971,0.7977856048627399,0.7383294989842176,0.6463067573740633,0.0817938413436966
0.4470230040595399,0.7951073558564736,0.7396179337216708,0.6529514780061643,0.0825381083889001
0.4482408660351826,0.79236764044661,0.7408105048966546,0.6595700688790844,0.08326166458248441
0.4494587280108253,0.789566722769067,0.7419100021628405,0.6661613140112712,0.08396372177061098
0.4506765899864682,0.7867049076051403,0.7429193383712386,0.6727238634658194,0.08464486588162247
0.4518944519621109,0.7837825349445074,0.743841497640694,0.6792563034387628,0.08530715357484593
0.4531123139377537,0.7807999738406624,0.7446794864716222,0.6857572416585853,0.08595421579118392
0.4543301759133964,0.7777576157078974,0.7454362884434848,0.692225400934508,0.08659136854585416
0.4555480378890392,0.7746558672372232,0.74611482290605,0.6986597126546306,0.08722573100046824
0.4567658998646819,0.7714951431320034,0.7467179079576776,0.7050594013747296,0.08786635047574524
0.4579837618403247,0.7682758588810075,0.7472482279038308,0.7114240514615455,0.08852433360752275
0.4592016238159674,0.7649984237957147,0.7477083053074887,0.717753647165554,0.08921298229713612
0.4604194857916103,0.7616632345389529,0.7481004776806339,0.7240485785919366,0.08994793245241767
0.461637347767253,0.7582706693627609,0.7484268788218515,0.7303096078886686,0.09074729274853231
0.4628552097428958,0.7548210832545088,0.748689424777624,0.7365377926188764,0.09163177975145542
0.4640730717185385,0.7513148041622886,0.7488898043913946,0.7427343667228931,0.09262484473788218
0.4652909336941813,0.7477521304342409,0.7490294744011831,0.7489005836238798,0.09375278641581133
0.466508795669824,0.744133329563407,0.7491096590485941,0.7550375307075962,0.09504484251019446
0.4677266576454668,0.7404586382816927,0.7491313541633077,0.7611459292947773,0.09653325184891237
0.4689445196211095,0.7367282639960049,0.7490953356797837,0.7672259388397225,0.098253277201346
0.4701623815967523,0.7329423875089335,0.7490021725171393,0.7732769877658701,0.10024317773863305
0.4713802435723951,0.7291011669181625,0.748852243696628,0.7792976552610607,0.10254411867754157
0.4725981055480379,0.725204742545466,0.7486457594683633,0.7852856275892206,0.10520000454172371
0.4738159675236806,0.7212532427098896,0.7483827860507418,0.7912377481832527,0.10825722165860296
0.4750338294993234,0.717246790132326,0.7480632733291938,0.7971501724094353,0.11176427517426846
0.4762516914749661,0.7131855087413891,0.7476870844880207,0.8030186254509319,0.11577130621340179
0.4774695534506089,0.7090695306440006,0.7472540260294264,0.8088387461043376,0.12032947606789185
0.4786874154262516,0.7048990030284578,0.746763875935114,0.8146064822906315,0.1254902067200115
0.4799052774018943,0.7006740947824253,0.7462164068181475,0.8203184886011544,0.1313042708526406
0.4811231393775372,0.6963950026321836,0.7456113997750782,0.8259724657253411,0.13782073000802061
0.4823410013531799,0.6920619566410214,0.7449486432784659,0.8315673796225946,0.14508572690556432
0.4835588633288227,0.6876752249419469,0.7442279098784832,0.8371035073688108,0.15314114718474658
0.4847767253044654,0.6832351176208113,0.7434489017907765,0.8425822774016469,0.16202317689167506
0.4859945872801082,0.6787419897082279,0.7426111547892832,0.8480059024365467,0.1717607945239868
0.4872124492557509,0.6741962432801956,0.7417138884433412,0.8533768387879402,0.18237424972313893
0.4884303112313937,0.6695983287060912,0.7407557899946805,0.8586971390638826,0.1938735937353684
0.4896481732070364,0.6649487451169325,0.7397347195381757,0.8639677882033447,0.20625733817246347
0.4908660351826793,0.6602480401952124,0.7386473262440779,0.869188118849381,0.21951132671546755
0.492083897158322,0.6554968094091258,0.737488569832091,0.8743553878744601,0.23360790739759252
0.4933017591339647,0.6506956948281366,0.7362511491366429,0.8794645633952999,0.2485054892563996
0.4945196211096074,0.64584538366344,0.7349248511420495,0.8845083280248923,0.2641485551642071
0.4957374830852503,0.6409466066761449,0.7334958499238355,0.8894772602688659,0.28046818202025275
0.496955345060893,0.6360001365885805,0.7319460056689756,0.8943601233418357,0.29738309081421116
0.4981732070365358,0.6310067866208274,0.7302522385121678,0.8991441778355762,0.3148012142358846
0.4993910690121785,0.6259674092564981,0.7283860775942543,0.9038154446962523,0.3326217316516812
0.5006089309878213,0.6208828953200283,0.7263135069887181,0.9083588746226882,0.35073748447804964
0.5018267929634641,0.6157541734236965,0.7239952382258956,0.9127584208401804,0.3690376537054843
0.5030446549391069,0.6105822098173065,0.7213875233148507,0.9169970530703508,0.3874105596394377
0.5042625169147495,0.6053680086483137,0.7184435731498767,0.9210567804394991,0.40574643477394284
0.5054803788903924,0.6001126126160329,0.715115561764648,0.9249187618637686,0.42394002534121306
0.5066982408660351,0.5948171039814875,0.7113570872642622,0.928563570568387,0.44189289476704136
0.5079161028416779,0.5894826058750735,0.7071258496118907,0.9319716468689941,0.45951533047126286
0.5091339648173207,0.5841102838281874,0.7023862266379075,0.9351239276675541,0.4767277903318404
0.5103518267929633,0.5787013474425595,0.69711141240513,0.9380025938645997,0.49346186224002775
0.5115696887686062,0.5732570521025576,0.6912848395915085,0.940591840896741,0.5096607452575213
0.512787550744249,0.567778700631155,0.6849007287393643,0.942878563210942,0.5252792905211734
0.5140054127198916,0.5622676447894591,0.6779637595629908,0.9448528550113449,0.5402836620293121
0.5152232746955344,0.5567252865225479,0.6704880016441851,0.9465082636584105,0.5546506909235733
0.5164411366711772,0.551153078860399,0.6624953392805711,0.9478417786448354,0.5683670021806313
0.51765899864682,0.545552526391592,0.654013661464362,0.948853585138207,0.5814279909590788
0.5188768606224627,0.5399251852387621,0.6450750666108791,0.9495466453124084,0.5938367189219356
0.5200947225981054,0.5342726624779177,0.6357142707649045,0.9499261868232107,0.6056027905372425
0.5213125845737483,0.5285966149582748,0.6259673307063701,0.9499991756705254,0.6167412573800246
0.5225304465493911,0.5228987474946541,0.6158707197156511,0.9497738349458579,0.6272715862446782
0.5237483085250337,0.5171808104202206,0.6054607363778912,0.9492592483532324,0.63721671546931
0.5249661705006765,0.5114445965030493,0.5947731904128265,0.9484650643138876,0.6466022139296441
0.5261840324763193,0.5056919372451432,0.5838432928436006,0.9474012974057209,0.655455549002553
0.5274018944519621,0.49992469859679317,0.572705676353894,0.9460782110058703,0.6638054634916912
0.5286197564276048,0.4941447761322462,0.5613944800191711,0.9445062585122932,0.6716814569350106
0.5298376184032475,0.4883540897442361,0.5499434459157644,0.9426960594003838,0.6791133636549693
0.5310554803788904,0.48255457792482814,0.5383859898332432,0.9406583890637755,0.6861310180974981
0.5322733423545332,0.4767481917081222,0.526755222177988,0.9384041662867654,0.6927639971588908
0.5334912043301758,0.4709368883564842,0.5150839069840734,0.9359444279230087,0.6990414290646191
0.5347090663058186,0.46512262487621736,0.5034043563344752,0.9332902858815667,0.7049918587185082
0.5359269282814614,0.45930735145080415,0.4917482645046462,0.9304528661772709,0.7106431601029709
0.5371447902571042,0.4534930048802465,0.4801464910769705,0.9274432332384503,0.7160224871384264
0.5383626522327469,0.4476815021136442,0.46862880553056613,0.9242723047897454,0.7211562552958893
0.5395805142083896,0.44187473395911914,0.457223607769231,0.9209507635367442,0.7260701471242245
0.5407983761840325,0.43607455905070147,0.4459576400329803,0.9174889717869149,0.7307891356502015
0.5420162381596753,0.43028279814606357,0.43485570588173644,0.9138968943194852,0.7353375203012676
0.5432341001353179,0.42450122882210656,0.4239404115883615,0.910184033544849,0.7397389705677189
0.5444519621109607,0.4187315806277814,0.4132319443938001,0.9063593795231978,0.744016573052477
0.5456698240866035,0.4129755307451708,0.40274790065353,0.902431375944408,0.7481928778498304
0.5468876860622462,0.4072347002011134,0.3925031748937501,0.8984079018513563,0.7522899403515654
0.548105548037889,0.40151065066267244,0.3825099181375896,0.8942962678052895,0.756329354606571
0.5493234100135317,0.39580488184072843,0.3727775705186498,0.8901032243853273,0.7603322742697173
0.5505412719891746,0.39011882951705384,0.3633129691921544,0.8858349803888362,0.7643194169846695
0.5517591339648172,0.384453864201604,0.3541205279944213,0.881497227834875,0.7683110477783772
0.55297699594046,0.37881129041847644,0.34520248041601637,0.8770951708348252,0.7723269367380875
0.5541948579161028,0.37319234661127,0.33655917259593754,0.8726335555428182,0.7763862859455805
0.5554127198917456,0.3675982056513289,0.3281893886815945,0.8681166986939767,0.7805076204281756
0.5566305818673883,0.36202997592581776,0.32009068757956527,0.8635485126450617,0.784708637846512
0.5578484438430311,0.3564887029766303,0.31225972840286026,0.8589325253193205,0.7890060118988356
0.5590663058186738,0.3509753716558949,0.3046925622760882,0.8542718940001365,0.7934151451354288
0.5602841677943167,0.34549090875925925,0.2973848708701321,0.8495694124960917,0.797949868229763
0.5615020297699593,0.34003618609424247,0.29033213708347033,0.8448275117961371,0.8026220849508419
0.5627198917456021,0.33461202393763,0.28352974028120326,0.8400482549323115,0.8074413653317474
0.5639377537212449,0.32921919483330414,0.2769729766885836,0.835233327353728,0.8124144940073261
0.5651556156968877,0.3238584276797566,0.27065701386964547,0.8303840246725958,0.8175449864885349
0.5663734776725304,0.31853041205507887,0.26457679553869545,0.8255012401515567,0.8228325931833506
0.5675913396481732,0.3132358027262013,0.25872691818420807,0.8205854547378854,0.8282728189508337
0.5688092016238159,0.30797522428866597,0.25310150337525417,0.8156367327848718,0.833856494238854
0.5700270635994586,0.3027492758832,0.24769408888283334,0.8106547267979582,0.8395694413610101
0.5712449255751014,0.2975585359357811,0.24249755811452922,0.805638694558994,0.8453922847641255
0.5724627875507442,0.2924035668687476,0.2375041215144601,0.800587531764166,0.8513004554694357
0.573680649526387,0.28728491973181175,0.23270535649484123,0.7954998228003107,0.8572644354234665
0.5748985115020296,0.2822031387035383,0.22809230519711501,0.7903739114168717,0.8632502757974696
0.5761163734776725,0.27715876541597806,0.2236556228764615,0.7852079917660216,0.8692204037228154
0.5773342354533153,0.2721523430577074,0.21938576466490742,0.7800002185357777,0.8751347053379717
0.578552097428958,0.2671844202134401,0.21527319529038988,0.7747488326787858,0.8809518419000496
0.5797699594046007,0.26225555440176185,0.2113086051096031,0.7694522965925671,0.8866307243563845
0.5809878213802435,0.2573663152762695,0.20748311640535225,0.7641094296799196,0.8921320456118207
0.5822056833558863,0.25251728745950014,0.20378846598871503,0.7587195322873915,0.8974197542438148
0.5834235453315291,0.24770907298351796,0.2002171533190351,0.7532824835246661,0.9024623527130808
0.5846414073071717,0.24294229331580744,0.19676254715926858,0.7477987970209248,0.9072339186185259
0.5858592692828146,0.23821759095417355,0.19341894777749483,0.7422696190307597,0.9117147773135351
0.5870771312584574,0.23353563057965357,0.19018160548823027,0.7366966562632529,0.9158917931973497
0.5882949932341001,0.22889709976187245,0.18704669957139114,0.731082027041871,0.9197582882904519
0.5895128552097428,0.22430270921684917,0.1840112840765172,0.7254280391821221,0.9233136332489937
0.5907307171853856,0.21975319262283036,0.1810732085842041,0.7197369108598228,0.9265625823314776
0.5919485791610284,0.21524930600521652,0.17823102263221136,0.7140104652993203,0.9295144372806772
0.5931664411366712,0.21079182670705165,0.17548387229497464,0.7082498437719134,0.932182125830634
0.5943843031123138,0.2063815519666553,0.172831396484238,0.702455290633239,0.934581271110299
0.5956021650879567,0.2020192971288018,0.17027362911639762,0.6966260650464746,0.9367293123427227
0.5968200270635995,0.19770589352028095,0.16781091158800163,0.6907605233866324,0.9386447188023451
0.5980378890392422,0.19344218602458424,0.16544381822310295,0.6848563927877819,0.9403463211632654
0.5992557510148849,0.1892290303938823,0.1631730956804463,0.6789112217011671,0.9418527692238589
0.6004736129905276,0.18506729033922012,0.1609996158644379,0.6729229532415901,0.9431821134977257
0.6016914749661705,0.1809578344419931,0.15892434075119796,0.6668905303633258,0.944351500414387
0.6029093369418133,0.1769015329312326,0.15694829675281713,0.6608144189001973,0.9453769664208767
0.6041271989174559,0.17289925437192916,0.1550725557944117,0.6546969342483336,0.9462733144089038
0.6053450608930987,0.16895186230970693,0.15329822013796607,0.6485422843656304,0.9470540558650232
0.6065629228687416,0.16506021191647902,0.15162640810655012,0.6423562930850194,0.9477314032936704
0.6077807848443842,0.16122514668038349,0.15005823818826228,0.6361458331071075,0.9483162992736539
0.608998646820027,0.1574474951813719,0.14859480947762493,0.629918061562755,0.9488184705991339
0.6102165087956697,0.15372806799128455,0.1472371769944837,0.6236795958543325,0.9492464980708999
0.6114343707713126,0.15006765473420638,0.14598632106467038,0.617435781207298,0.9496078944839158
0.6126522327469553,0.14646702133944672,0.14484311061732838,0.6111901803148919,0.9499091851141803
0.613870094722598,0.14292690751562204,0.1438082609203984,0.6049443658905242,0.950155986502723
0.6150879566982408,0.13944802447023447,0.1428822869108755,0.5986980327162308,0.9503530805607125
0.6163058186738836,0.1360310528948197,0.14206545385342553,0.5924493835585759,0.9505044819917658
0.6175236806495263,0.1326766412313046,0.1413577275523021,0.5861956973566442,0.9506134977723326
0.6187415426251691,0.12938540423078465,0.1407587267182696,0.5799339664877871,0.9506827779812368
0.6199594046008118,0.12615792181149216,0.14026768032471212,0.5736614935264183,0.9507143576594576
0.6211772665764547,0.12299473821844804,0.13988339284708357,0.5673763615129036,0.9507096896443641
0.6223951285520974,0.11989636148314746,0.1396042201443958,0.5610777266957272,0.9506696684895638
0.6236129905277401,0.11686326317774022,0.13942805839754624,0.5547659198040502,0.9505946456796293
0.6248308525033829,0.1138958784545351,0.13935234796898094,0.5484423736682157,0.9504844364023941
0.6260487144790257,0.11099460635834715,0.13937409331244877,0.5421094168940743,0.9503383181717276
0.6272665764546684,0.10815981039621249,0.13948989918257118,0.5357699839052403,0.9501550216205522
0.6284844384303112,0.10539181934637266,0.1396960224337302,0.5294272921302916,0.949932713826813
0.6297023004059539,0.10269092828615607,0.13998843773392447,0.5230845301221965,0.9496689746147123
0.6309201623815966,0.10005739981647345,0.1403629146367238,0.5167445891825992,0.9493607664132457
0.6321380243572395,0.0974914654590978,0.14081510273526365,0.510409858580095,0.9490043984821013
0.6333558863328822,0.09499332720167292,0.14134062113455947,0.5040820929091724,0.9485954866663245
0.634573748308525,0.09256315916453625,0.14193514826685988,0.49776235084928594,0.948128910359525
0.6357916102841676,0.0902011093628484,0.14259450815415148,0.4914509980575305,0.94759876909493
0.6370094722598105,0.08790730153722746,0.1433147495752686,0.48514776307539104,0.9469983422091734
0.6382273342354533,0.08568183702607288,0.14409221517656792,0.47885183351086635,0.9463200564093746
0.639445196211096,0.08352479665293522,0.14492359830725152,0.47256197978956677,0.9455554678967953
0.6406630581867387,0.0814362426027043,0.14580598618359783,0.46627669487461215,0.9446952680268056
0.6418809201623816,0.07941622026098066,0.14673688880978983,0.45999434004515416,0.943729324346047
0.6430987821380243,0.0774647599917216,0.14771425383432973,0.45371328872828054,0.9426467721964193
0.6443166441136671,0.07558187882913833,0.14873646814375907,0.44743206225069126,0.9414361757202485
0.6455345060893097,0.07376758206082826,0.14980234745333443,0.44114945306904124,0.9400857806115246
0.6467523680649526,0.07202186468020562,0.15091111543259803,0.43486463248290225,0.938583883545536
0.6479702300405954,0.07034471268750293,0.15206237400730604,0.4285772410167446,0.9369193436070239
0.6491880920162381,0.06873610421986788,0.15325606642905631,0.42228746059400607,0.9350822573661639
0.6504059539918808,0.06719601049244052,0.15449243453310302,0.41599606835098657,0.9330648091021542
0.6516238159675237,0.06572439653370314,0.15577197135353255,0.40970447249002306,0.9308622883250793
0.6528416779431664,0.06432122169989224,0.15709536997721651,0.40341473098832553,0.9284742358199264
0.6540595399188092,0.06298643995482857,0.15846346923899557,0.39712955429371366,0.9259056360189453
0.6552774018944518,0.06171999990317758,0.15987719663605923,0.39085229337746924,0.9231680196749243
0.6564952638700947,0.06052184456689078,0.16133750871603428,0.3845869146964789,0.9202802831391298
0.6577131258457375,0.05939191089642709,0.16284532922021483,0.3783379637545258,0.9172689808245172
0.6589309878213802,0.05833012901031695,0.16440148549590383,0.37211051905317544,0.9141678214355615
0.6601488497970229,0.05733642115869336,0.166006644194336,0.3659101382897378,0.9110161121450565
0.6613667117726657,0.05641070040865248,0.1676612481203343,0.3597427986940485,0.9078559577253759
0.6625845737483085,0.055552869051633015,0.1693654573890118,0.353614833396926,0.9047281301925494
0.6638024357239513,0.05476281673553131,0.17111909988074103,0.34753286569049663,0.9016666578955406
0.6650202976995939,0.054040418326907584,0.1729216384855421,0.34150374297404185,0.898692304195626
0.6662381596752367,0.053385531511453595,0.17477216590555594,0.3355344720796564,0.8958051695024399
0.6674560216508796,0.05279799414384459,0.17666944192217526,0.32963215754231395,0.8929766142387071
0.6686738836265222,0.05227762136119353,0.17861199303646486,0.32380394422264935,0.8901405368185232
0.669891745602165,0.05182420247753575,0.18059830010483868,0.318056965513133,0.8871837456986411
0.6711096075778078,0.05143749768008002,0.18262710559020753,0.3123982981652681,0.883934763685297
0.6723274695534506,0.05111723455134285,0.18469787747052502,0.30683492457356426,0.8801499644305193
0.6735453315290933,0.05086310444467848,0.1868114701929305,0.301373703148014,0.8754956129260274
0.674763193504736,0.05067475874409932,0.18897102198164717,0.29602134720678464,0.8695244794056654
0.6759810554803788,0.050551805042596716,0.19118311894335746,0.2907844126303887,0.8616468823526056
0.6771989174560217,0.05049380327633348,0.19345923544468116,0.2856692943420508,0.8510995687388697
0.6784167794316643,0.05050026185504739,0.19581742235503388,0.2806822315193937,0.8369237800411472
0.6796346414073071,0.050570633831703675,0.1982841558755009,0.2758293213014923,0.8179780436219661
0.6808525033829499,0.05070431315674855,0.20089617872930451,0.271116540632845,0.7930294221049882
0.6820703653585927,0.050900631064235084,0.20370206781514205,0.26654977578025646,0.7609742994681263
0.6832882273342354,0.051158852638453156,0.20676316388661517,0.2621348589670811,0.7212031260141301
0.6845060893098781,0.051478173610499875,0.2101534290121632,0.2578776114871922,0.6740150166768121
0.6857239512855209,0.05185771743435112,0.2139577991693438,0.25378389258248396,0.6208553706915279
0.6869418132611638,0.05229653269138411,0.2182687197375502,0.2498596532855123,0.564147432555593
0.6881596752368064,0.05279359087093452,0.2231808241182939,0.2461109943342725,0.506718085610146
0.6893775372124492,0.05334778457225449,0.22878413188367558,0.24254422714906126,0.4511086653383494
0.690595399188092,0.05395792617020742,0.23515662735313053,0.23916593671019037,0.3991160127790615
0.6918132611637346,0.0546227469831393,0.2423574854631782,0.2359830449766136,0.3516965592528886
0.6930311231393775,0.05534089697665731,0.2504223561283151,0.23300287322401475,0.3091330387216278
0.6942489851150202,0.056110945031523224,0.25936185816461754,0.23023320133942765,0.2712882201645419
0.695466847090663,0.05693137979766028,0.269163754866556,0.227682321668743,0.2378236683621313
0.6966847090663058,0.057800611149367805,0.2797983457954256,0.22535908445294445,0.2083412820373059
0.6979025710419485,0.05871697224943599,0.2912257099102778,0.2232729311872955,0.1824550920840089
0.6991204330175913,0.05967872222203057,0.3034028913669021,0.22143391137520357,0.15981720517573936
0.7003382949932341,0.0606840494261008,0.3162891377168088,0.21985267711037457,0.14011995021726817
0.7015561569688767,0.061731075312875416,0.32984789760256805,0.21854044870338307,0.12308888669909723
0.7027740189445196,0.0628178588428323,0.3440452884699117,0.21750894318914663,0.10847447051761813
0.7039918809201623,0.06394240142961376,0.35884585004645336,0.21677025606301975,0.09604557038183811
0.7052097428958051,0.06510265237079556,0.3742072580477664,0.2163366851066759,0.08558551367995615
0.7064276048714478,0.06629651471844585,0.39007599735812787,0.21622048388189208,0.07689023906861124
0.7076454668470906,0.06752185153613062,0.4063856673459701,0.21643353172460097,0.06976782388473937
0.7088633288227334,0.06877649248359233,0.42305873464058347,0.21698690738253856,0.06403871413219014
0.7100811907983761,0.07005824066586726,0.4400114885318866,0.21789035557055145,0.059536169684954156
0.7112990527740188,0.07136487968020985,0.4571610859354525,0.2191516407231743,0.056106628283005056
0.7125169147496617,0.07269418079190229,0.4744331781118427,0.22077579145755455,0.05360984281459858
0.7137347767253044,0.07404391016892344,0.4917687457936606,0.22276425427635507,0.051918748481228606
0.7149526387009472,0.07541183610550786,0.5091292780658841,0.22511399730199608,0.05091907667512044
0.7161705006765899,0.07679573616582515,0.5265000599458327,0.22781663507990563,0.05050876213764733
0.7173883626522327,0.07819340418133035,0.5438918573309778,0.23085768262568107,0.05059719991481694
0.7186062246278755,0.07960265703866355,0.56134157285729,0.2342160863382563,0.05110440708004017
0.7198240866035182,0.08102134119924179,0.5789124479648854,0.23786421110844458,0.05196013688779341
0.7210419485791609,0.08244733889676657,0.5966941055086193,0.24176846992254494,0.05310298357332812
0.7222598105548037,0.08387857396461508,0.6148021795111717,0.24589074137228348,0.05447950650641973
0.7234776725304465,0.08531301725137737,0.6333765274427112,0.25019060837788126,0.05604339390192521
0.7246955345060893,0.08674869158948728,0.6525762688006742,0.25462825805395134,0.05775467921411119
0.725913396481732,0.08818367628880451,0.6725695244738912,0.2591676316260377,0.05957901776027326
0.7271312584573747,0.08961611113402819,0.6935160534696475,0.26377918014502477,0.06148702690970098
0.7283491204330176,0.09104419987178751,0.7155416086795204,0.2684414901058898,0.06345369013397803
0.7295669824086602,0.09246621318006112,0.7387024469707831,0.2731412171207935,0.06545782312252812
0.730784844384303,0.09388049111909048,0.7629364463140508,0.27787123936340014,0.06748159881482459
0.7320027063599458,0.09528544506907365,0.7879969285584862,0.2826275760845884,0.06951012740693027
0.7332205683355886,0.09667955916560274,0.8133745253807539,0.28740611195299753,0.07153108700607849
0.7344384303112313,0.09806139124892889,0.8382421589509735,0.2922002297334109,0.07353440051447184
0.7356562922868741,0.09942957334769241,0.8615086740275707,0.2970000110631039,0.07551195443149461
0.7368741542625168,0.10078281172169955,0.8820711151433583,0.3017929614306405,0.07745735550381051
0.7380920162381597,0.10211988649164325,0.8991949999138739,0.30656565031624167,0.07936572147569014
0.7393098782138023,0.10343965088635612,0.9127463115306528,0.3113054963880517,0.0812335025621084
0.7405277401894451,0.10474103014027292,0.9231013751362546,0.3160021372395707,0.08305833066066808
0.7417456021650879,0.1060230200752766,0.9308736252569119,0.3206481598539643,0.08483889371959456
0.7429634641407307,0.10728468540203887,0.9366817104892724,0.3252392051546279,0.08657483307867189
0.7441813261163734,0.10852515777641865,0.9410400973611723,0.3297735398775876,0.08826666199338085
0.7453991880920162,0.10974363364643562,0.9443386343277401,0.33425119996808694,0.08991570393855292
0.7466170500676589,0.11093937192490357,0.9468602602545049,0.3386728558815032,0.09152404966772928
0.7478349120433018,0.11211169152199764,0.9488069985801103,0.34303864581633536,0.09309453238145765
0.7490527740189444,0.11325996877091185,0.9503228132756487,0.34734729063733955,0.09463072073628302
0.7502706359945872,0.11438363477838755,0.9515108427260646,0.35159575719970576,0.0961369298118748
0.75148849797023,0.11548217273029975,0.9524456191527573,0.3557795622914778,0.09761825055276153
0.7527063599458726,0.11655511518073255,0.953181527737612,0.35989358439680186,0.09908059862041627
0.7539242219215155,0.11760204135109674,0.9537586265443292,0.3639330851746308,0.10053078403804855
0.7551420838971583,0.11862257446386491,0.9542066607855135,0.3678946067686327,0.10197660349158448
0.756359945872801,0.11961637913348694,0.9545478500003023,0.3717764999334107,0.10342695767279575
0.7575778078484438,0.12058315883498814,0.9547988390245548,0.37557899095165126,0.10489199662003902
0.7587956698240865,0.12152265346870728,0.9549720746826612,0.3793038411855205,0.1063832966324208
0.7600135317997293,0.12243463703759612,0.9550767838995105,0.3829537454293296,0.1079140730046505
0.7612313937753721,0.12331891545149998,0.9551196717500894,0.38653164262499745,0.10949943354685213
0.7624492557510147,0.12417532447088145,0.9551054200159758,0.3900400890712285,0.11115667860169191
0.7636671177266576,0.1250037278005479,0.9550370415042551,0.3934807938788205,0.11290565402169657
0.7648849797023004,0.12580401534208896,0.9549161283920695,0.3968543607610623,0.11476916427305629
0.7661028416779431,0.12657610161195587,0.9547430214038051,0.4001602334023609,0.11677345340763136
0.7673207036535858,0.12731992433037403,0.9545169189219103,0.40339680988474763,0.11894876196599687
0.7685385656292286,0.12803544318462656,0.9542359400432131,0.40656167549513594,0.12132996774931655
0.7697564276048714,0.12872263876862922,0.9538971524183676,0.40965189996865786,0.12395731754215178
0.7709742895805142,0.12938151169916487,0.953496574041577,0.41266435087220316,0.12687725486814164
0.7721921515561568,0.13001208190764765,0.9530291577792463,0.41559598544395127,0.13014334512557443
0.7734100135317997,0.13061438810482368,0.9524887682611174,0.41844409551942086,0.13381729315404697
0.7746278755074424,0.13118848741441763,0.9518681627994238,0.4212064918812277,0.1379700382959744
0.7758457374830852,0.13173445517035937,0.9511589912415472,0.42388162409762126,0.1426828968308693
0.7770635994587279,0.1322523848709177,0.9503518339774824,0.426468639079126,0.14804869933702267
0.7782814614343707,0.1327423882817865,0.949436302314808,0.42896738616938745,0.15417283870016216
0.7794993234100135,0.1332045956789414,0.9484012301920718,0.43137837893358644,0.161174100450589
0.7807171853856563,0.13363915622091202,0.9472349890356114,0.43370272442048696,0.16918508822274214
0.7819350473612989,0.13404623843899807,0.9459259557740161,0.4359420300876366,0.17835198158721038
0.7831529093369417,0.1344260308329009,0.9444631539187872,0.4380982972743726,0.1888332718454906
0.7843707713125845,0.1347787425582571,0.9428370651268372,0.4401738084686298,0.20079701905587238
0.7855886332882273,0.13510460419167428,0.9410405709136251,0.4421710139188894,0.21441607487756661
0.78680649526387,0.13540386855806116,0.9390699322701441,0.44409242157189927,0.22986064922967794
0.7880243572395127,0.13567681160434664,0.9369256572275217,0.4459404929706251,0.24728761260264118
0.7892422192151556,0.13592373330312313,0.934613060654952,0.44771754666725894,0.26682609174218835
0.7904600811907984,0.13614495856929693,0.932142311700796,0.4494256698959466,0.2885593243758569
0.791677943166441,0.13634083817256032,0.929527815467851,0.4510666386884716,0.31250347470928186
0.7928958051420838,0.1365117496283529,0.9267868937018205,0.4526418462708224,0.3385852075657807
0.7941136671177266,0.13665809805004603,0.9239378925321962,0.4541522394124723,0.3666211735230731
0.7953315290933693,0.13678031694530648,0.9209980029544301,0.45559826237688666,0.3963038483226546
0.7965493910690121,0.13687886894002696,0.9179811713382381,0.4569798082075158,0.42719882602959447
0.7977672530446548,0.13695424641383025,0.914896463005772,0.4582961772482446,0.4587579907495284
0.7989851150202977,0.13700697203198411,0.911747125482597,0.45954604301414653,0.4903505043346089
0.8002029769959405,0.13703759915959152,0.9085304250978501,0.46072742577331205,0.5213094431574667
0.8014208389715831,0.13704671214514058,0.9052381642017846,0.46183767445115403,0.550987346572806
0.8026387009472259,0.13703492646192375,0.9018576757977026,0.4628734577037462,0.5788107257521
0.8038565629228687,0.13700288869741023,0.8983730558020296,0.46383076520594213,0.604323313073664
0.8050744248985114,0.13695127638242724,0.8947664186912243,0.4647049203436643,0.62721085111486
0.8062922868741542,0.1368807976538844,0.8910190228777691,0.4654906055697565,0.6473052941655982
0.8075101488497969,0.13679219074679264,0.8871121807496937,0.46618190166380286,0.6645713141293297
0.8087280108254398,0.13668622331342636,0.8830279268964991,0.46677234201733414,0.6790811889416458
0.8099458728010825,0.1365636915696393,0.8787494592234459,0.467254982841971,0.6909848859045808
0.8111637347767252,0.13642541927052457,0.8742613917587647,0.46762248987208066,0.7004809536174951
0.812381596752368,0.13627225651978878,0.8695498690578343,0.46786724171682015,0.7077917503986247
0.8135994587280106,0.1361050784193451,0.8646025948826008,0.4679814495284992,0.7131444976295824
0.8148173207036535,0.13592478356767496,0.8594088258546834,0.467957292120844,0.716758162055182
0.8160351826792963,0.13573229241745774,0.8539593759829256,0.46778706512024004,0.7188353441861777
0.817253044654939,0.1355285455047461,0.8482466708415308,0.4674633421911025,0.719558048450392
0.8184709066305818,0.13531450156358707,0.8422648802968496,0.46697914586055794,0.7190862344998193
0.8196887686062246,0.13509113554138735,0.8360101453422836,0.46632812498183523,0.7175582264133807
0.8209066305818673,0.13485943653149726,0.829480897447775,0.4655047354091347,0.7150922751760929
0.8221244925575101,0.13462040564041777,0.8226782484241482,0.464504419985022,0.7117887713045024
0.8233423545331527,0.13437505380769463,0.8156064070314948,0.4633237834349235,0.7077327665543689
0.8245602165087956,0.13412439959695568,0.8082730587883349,0.46196075719975005,0.7029965837125328
0.8257780784844384,0.13386946697666155,0.8006896322418728,0.4604147486182545,0.6976423774363946
0.8269959404600811,0.13361128310899664,0.7928713733405167,0.45868676823576476,0.6917245651138524
0.8282138024357238,0.1333508761648909,0.784837163612354,0.4567795284550677,0.6852920823717035
0.8294316644113667,0.1330892731825121,0.776609049169869,0.45469750639720924,0.678390439287032
0.8306495263870094,0.13282749798565918,0.7682114937036515,0.45244696387854,0.6710635651699447
0.8318673883626522,0.13256656917738224,0.7596704225140004,0.4500359180160182,0.6633554353675446
0.8330852503382948,0.13230749822286095,0.7510121752580202,0.4474740572940663,0.6553114753527123
0.8343031123139377,0.13205128763413337,0.742262519823348,0.4447726000375789,0.6469797372179642
0.8355209742895805,0.13179892926769335,0.7334458876621172,0.4419440951018296,0.6384118429343466
0.8367388362652232,0.13155140274431754,0.7245849662269759,0.43900216804641357,0.6296636883365089
0.8379566982408659,0.1313096739987694,0.7157007283772866,0.435961219816894,0.6207959024333496
0.8391745602165088,0.1310746939652777,0.7068129008593784,0.4328360886279742,0.6118740587157989
0.8403924221921515,0.13084739740295576,0.6979407890096803,0.4296416888953823,0.6029686387693909
0.8416102841677943,0.1306287018636129,0.6891042998981796,0.4263926432927571,0.5941547535759675
0.8428281461434369,0.1304195068027725,0.6803249570912534,0.4231029249992688,0.5855116340569915
0.8440460081190797,0.13022069283314494,0.6716266882360242,0.4197855267874568,0.5771219091443357
0.8452638700947226,0.1300331211183487,0.6630361958288449,0.41645217179530986,0.5690706963303455
0.8464817320703653,0.12985763290333108,0.6545827876957379,0.4131130778310092,0.5614445355935797
0.847699594046008,0.12969504917674513,0.6462976349516895,0.4097767832222871,0.5543302022365914
0.8489174560216508,0.12954617045947445,0.6382125239061576,0.4064500379850585,0.5478134370753673
0.8501353179972936,0.12941177671259463,0.6303582549651346,0.4031377599063101,0.5419776333632765
0.8513531799729364,0.1292926273572978,0.6227628991138592,0.3998430514214977,0.536902518823978
0.852571041948579,0.1291894613987106,0.6154501409815598,0.3965672702190752,0.532662868429315
0.8537889039242218,0.12910299764507263,0.6084379159523144,0.39331014449368595,0.5293272794687489
0.8550067658998647,0.12903393501343788,0.6017374952816725,0.3900699227291562,0.5269570354656515
0.8562246278755073,0.12898295291287723,0.5953531015033874,0.3868435477427389,0.5256050800172924
0.8574424898511501,0.1289507116961151,0.589282061741882,0.3836268453026625,0.5253151159426457
0.8586603518267929,0.12893785317058748,0.5835154412797264,0.3804147187397946,0.5261208392500848
0.8598782138024357,0.12894500116007973,0.5780390509690873,0.3772013424022568,0.5280453111124392
0.8610960757780785,0.12897276210835484,0.5728346913647433,0.37398034836022065,0.5311004636435206
0.8623139377537211,0.1290217257165079,0.5678814814811949,0.37074500230400376,0.5352867258632275
0.8635317997293639,0.12909246560618942,0.5631571175165364,0.36748836598200224,0.5405927436231927
0.8647496617050068,0.129185540001278,0.558638915329499,0.36420344472771315,0.5469951501718829
0.8659675236806494,0.1293014924210764,0.5543045122801188,0.3608833195948289,0.5544583214449883
0.8671853856562922,0.12944085237862005,0.5501321451592169,0.3575212643517944,0.5629340218668966
0.8684032476319349,0.1296041360782221,0.5461004875307363,0.3541108480971065,0.5723608140174589
0.8696211096075778,0.12979184710693423,0.5421881221318796,0.3506460245705626,0.5826630738976898
0.8708389715832205,0.13000447711513075,0.5383728290144687,0.3471212093856799,0.5937494334633205
0.8720568335588632,0.1302425064819931,0.5346309578041816,0.3435313464277173,0.6055104834690045
0.873274695534506,0.1305064049621684,0.5309371811721397,0.3398719645815486,0.6178156451009412
0.8744925575101488,0.13079663231041402,0.5272648608668268,0.3361392258020944,0.6305093052962434
0.8757104194857915,0.1311136388815115,0.5235870926106578,0.332329965341122,0.6434066633519492
0.8769282814614343,0.13145786620319738,0.5198782740703268,0.3284417247182334,0.6562902961311687
0.878146143437077,0.13182974752029133,0.5161158423919209,0.32447277778725925,0.6689091911687716
0.8793640054127198,0.13222970830859435,0.5122817397367427,0.320422150015894,0.6809827531414638
0.8805818673883626,0.13265816675749192,0.5083632311086813,0.3162896308777546,0.6922126834346766
0.8817997293640053,0.13311553422052158,0.5043528960870715,0.312075779062144,0.7023051399941224
0.8830175913396481,0.13360221563344285,0.5002478668266955,0.30778192004669264,0.7110038595138352
0.8842354533152909,0.1341186098995916,0.49604859500132886,0.3034101354602347,0.7181323606859654
0.8854533152909336,0.13466511024250374,0.49175753303892444,0.2989632435957454,0.7236412385803428
0.8866711772665764,0.1352421045259375,0.48737809154088785,0.29444477042369926,0.7276554640551566
0.8878890392422191,0.13584997554155093,0.48291411154613295,0.28985891051161433,0.7305122300271313
0.8891069012178618,0.13648910126453967,0.4783699186299826,0.28521047738144917,0.7327611842908891
0.8903247631935047,0.13715985507756867,0.47375086019555557,0.28050484303637796,0.7350633535042902
0.8915426251691474,0.13786260596330646,0.4690641100097575,0.2757478666623615,0.7379210888660372
0.8927604871447902,0.13859771866578732,0.46431947774899174,0.2709458128538684,0.7413017048023633
0.893978349120433,0.13936555382071333,0.45952998753431523,0.2661052601173657,0.7444536626067101
0.8951962110960757,0.14016646805464314,0.4547120708210517,0.26123300085515305,0.74620538685939
0.8964140730717185,0.1410008140527976,0.4498853254943227,0.2563359345034902,0.7455869643730518
0.8976319350473612,0.14186894059496943,0.4450718912970356,0.2514209559644925,0.7422770256493202
0.8988497970230039,0.14277119255872509,0.4402955560761074,0.24649484189787635,0.7366219631569907
0.9000676589986468,0.14370791088876392,0.4355807278228861,0.24156413779062336,0.7293765981998265
0.9012855209742896,0.14467943253093662,0.43095139138208716,0.23663504896456053,0.7214099002342274
0.9025033829499324,0.14568609032905408,0.426430134399546,0.23171333878208447,0.713501578559686
0.903721244925575,0.14672821288219437,0.4220372936997609,0.2268042372445761,0.7062451175289401
0.9049391069012176,0.1478061243598253,0.4177902518757666,0.2219123629328269,0.7000282348751182
0.9061569688768606,0.1489201442716308,0.41370290465159487,0.21704166081403162,0.6950565776765798
0.9073748308525031,0.15007058718852648,0.40978531559620884,0.21219535785004803,0.6913947960901551
0.908592692828146,0.1512577624109743,0.4060435684534946,0.20737593761618545,0.6890092692845035
0.9098105548037888,0.1524819735803378,0.4024798153903132,0.20258513432170216,0.6878047953918434
0.9110284167794316,0.15374351822872614,0.39909250369389937,0.19782394576550388,0.6876527412092961
0.9122462787550744,0.15504268726251866,0.39587674851462257,0.19309266392319896,0.6884109298647775
0.9134641407307172,0.15637976437459317,0.39282480941302683,0.1883909211053915,0.6899367092525635
0.9146820027063598,0.15775502538019232,0.38992662563629227,0.183717749008784,0.6920948943160241
0.9158998646820028,0.15916873747137894,0.387170368579611,0.17907164754816238,0.6947621007118748
0.9171177266576452,0.16062115838516405,0.38454297759571315,0.17445066014104701,0.69782867005806
0.918335588633288,0.16211253548065732,0.3820306547002042,0.16985245213104394,0.7011990675521431
0.9195534506089308,0.16364310472097282,0.3796193028105734,0.1652743892737895,0.7047913658984913
0.9207713125845736,0.1652130895561995,0.3772948998099343,0.16071361364235065,0.7085362267602279
0.9219891745602165,0.16682269970442737,0.3750438065367636,0.15616711489074847,0.7123756456426281
0.9232070365358592,0.1684721298286981,0.37285301084317846,0.15163179548432143,0.7162616260031108
0.924424898511502,0.17016155810878167,0.37071031243948616,0.1471045291964926,0.720154881422432
0.9256427604871448,0.17189114470786176,0.3686044547080691,0.14258221281624717,0.7240236209743158
0.9268606224627874,0.17366103013555922,0.36652521034367214,0.1380618115505225,0.7278424450774672
0.9280784844384302,0.17547133351021463,0.3644634278095143,0.1335403989968737,0.7315913618209209
0.929296346414073,0.17732215072496055,0.3624110453717805,0.1290151927797238,0.7352549233810456
0.9305142083897158,0.17921355252384966,0.36036107901823095,0.12448358698456762,0.7388214762432843
0.9317320703653584,0.1811455824961188,0.3583075899712746,0.11994318240515191,0.7422825158760202
0.9329499323410012,0.18311825499854348,0.3562456368376201,0.11539181537151515,0.7456321352094365
0.934167794316644,0.1851315530177548,0.35417121674357566,0.11082758559549143,0.7488665560539689
0.9353856562922868,0.18718542598628293,0.3520811991225879,0.10624888310306836,0.7519837330027183
0.9366035182679296,0.18927978756797229,0.34997325517534345,0.10165441396672394,0.7549830201136144
0.9378213802435724,0.1914145134301747,0.3478457854302533,0.0970432242458451,0.7578648915797257
0.9390392422192152,0.19358943902181602,0.3456978473042984,0.09241472131948995,0.7606307085582324
0.9402571041948578,0.19580435737791765,0.3435290841063603,0.0877686916712475,0.763282525273231
0.9414749661705006,0.1980590169724622,0.34133965653801157,0.08310531416610903,0.7658229283967459
0.9426928281461432,0.20035311964255587,0.33913017742761165,0.07842516793883808,0.7682549045263476
0.943910690121786,0.20268631860763517,0.3369016501771762,0.0737292341775524,0.7705817313087415
0.9451285520974289,0.20505821660793408,0.3346554112010695,0.06901889131480347,0.7728068884057392
0.9463464140730716,0.20746836418658432,0.33239307648339916,0.0642959034071561,0.7749339850656654
0.9475642760487144,0.20991625813952575,0.33011649226918577,0.059562401768983184,0.7769667015553074
0.9487821380243572,0.21240134015679943,0.3278276898253376,0.054820860204033324,0.7789087421318641
0.9499999999999998,0.21492299567787734,0.32552884415413075,0.05007406443008575,0.7807637975984059
